Species,Gene,AncestralSeqName,DescendantSeqName,Branch,CodonPosition,PreviousAncCodon,AncestorCodon,NextAncCodon,PreviousDesCodon,DescendantCodon,NextDesCodon,AncestralAA,DescendantAA,Subs,A,T,G,C,Family,AllSubs,A_T,A_G,A_C,T_A,T_G,T_C,G_T,G_A,G_C,C_T,C_G,C_A,A_fr,T_fr,G_fr,C_fr,T_A_norm,T_C_norm,T_G_norm,A_T_norm,A_C_norm,A_G_norm,G_A_norm,G_C_norm,G_T_norm,C_A_norm,C_T_norm,C_G_norm,T_C_norm_fr
Blaberus_craniifer,COX2,6,RN_2,External,101,ATT,GGC,CAT,ATT,GGT,CAT,G,G,C_T,128,67,4,19,Blaberidae,6,0,0.166666666666667,0,0,0,0.166666666666667,0,0.166666666666667,0,0.5,0,0,0.587155963302752,0.307339449541284,0.018348623853211,0.087155963302752,0,0.54228855721393,0,0,0,0.283854166666667,9.08333333333333,0,0,0,5.73684210526316,0,0.034659179979763
Blattella_germanica,COX2,10,11,Internal,18,ATT,TAC,TTT,ATT,TAT,TTT,Y,Y,C_T,228,157,6,47,Ectobiidae,2,0,0,0,0,0,0,0,0,0,1,0,0,0.520547945205479,0.358447488584475,0.013698630136986,0.107305936073059,0,0,0,0,0,0,0,0,0,0,9.31914893617021,0,0
Cryptocercus_kyebangensis,COX2,7,RN_6,External,3,ACA,ACA,TGA,ACA,ACG,TGA,T,T,A_G,261,27,10,24,Cryptocercidae,5,0,0.4,0,0,0,0.2,0,0,0,0.4,0,0,0.81055900621118,0.083850931677019,0.031055900621118,0.074534161490683,0,2.38518518518519,0,0,0,0.493486590038314,0,0,0,0,5.36666666666667,0,0.28927680798005
Cryptocercus_primarius,COX2,6,RN_5,External,83,GGA,CAC,CAA,GGA,CAT,CAA,H,H,C_T,129,28,3,16,Cryptocercidae,53,0,0,0.075471698113208,0.018867924528302,0.018867924528302,0.264150943396226,0.018867924528302,0.056603773584906,0,0.433962264150943,0,0.113207547169811,0.732954545454545,0.159090909090909,0.017045454545455,0.090909090909091,0.118598382749326,1.66037735849057,0.118598382749326,0,0.102969138511043,0,3.32075471698113,0,1.10691823899371,1.24528301886792,4.77358490566038,0,0.133394885052165
Cryptocercus_punctulatus,COX2,102,RN_61,External,63,CTA,CTA,TAC,CTA,TTA,TAC,L,L,C_T,2351,594,7,489,Cryptocercidae,257,0.031128404669261,0.054474708171206,0.007782101167315,0.046692607003891,0,0.350194552529183,0,0.050583657587549,0,0.45136186770428,0,0.007782101167315,0.68323161871549,0.172624237140366,0.002034292356873,0.142109851787271,0.270486970876076,2.02865228157057,0,0.045560544647778,0.011390136161945,0.079730953133612,24.8654808226793,0,0,0.054761165882887,3.17614762120742,0,0.066443020292479
Geoscapheus_robustus,COX2,7,RN_6,External,89,TGA,TAC,TGA,TGA,TAT,TGA,Y,Y,C_T,155,146,0,44,Blaberidae,10,0,0.1,0,0,0,0.2,0,0.3,0,0.4,0,0,0.449275362318841,0.423188405797101,0,0.127536231884058,0,0.472602739726027,0,0,0,0.22258064516129,0,0,0,0,3.13636363636364,0,0.123345141
Macropanesthia_lithgowae,COX2,7,8,Internal,18,ATA,GAA,CAG,ATA,GAG,CAA,E,E,A_G,160,127,13,32,Blaberidae,27,0.074074074074074,0.222222222222222,0,0,0,0.296296296296296,0,0.222222222222222,0,0.185185185185185,0,0,0.481927710843373,0.382530120481928,0.039156626506024,0.096385542168675,0,0.774569845435987,0,0.153703703703704,0,0.461111111111111,5.67521367521367,0,0,0,1.9212962962963,0,0.086198411752822
Macropanesthia_rhinoceros,COX2,15,RN_5,External,14,GCA,TCA,CCT,GCA,TCC,CCT,S,S,A_C,463,374,34,108,Blaberidae,161,0.018633540372671,0.08695652173913,0.006211180124224,0.018633540372671,0.018633540372671,0.329192546583851,0,0.15527950310559,0,0.360248447204969,0,0.006211180124224,0.472931562819203,0.382022471910112,0.034729315628192,0.110316649642492,0.048776032151991,0.861709901351845,0.048776032151991,0.03940007780744,0.013133359269147,0.183867029768053,4.4711362805992,0,0,0.056303197607545,3.26558546123764,0,0.095866044250397
Panchlora_nivea,COX2,6,RN_2,External,2,ATG,ACG,ACA,ATG,ACA,ACA,T,T,G_A,127,61,13,13,Blaberidae,130,0.061538461538462,0.092307692307692,0.007692307692308,0.069230769230769,0,0.238461538461538,0.015384615384615,0.153846153846154,0.007692307692308,0.323076923076923,0.007692307692308,0.023076923076923,0.593457943925234,0.285046728971963,0.060747663551402,0.060747663551402,0.242875157629256,0.83656998738966,0,0.103694730466384,0.012961841308298,0.155542095699576,2.53254437869822,0.126627218934911,0.253254437869822,0.379881656804734,5.31834319526627,0.126627218934911,0.082919661199282
Panesthia_cribrata,COX2,25,RN_15,External,28,GCA,CTG,ATA,GCA,CTA,ATA,L,L,G_A,856,607,73,229,Blaberidae,243,0,0.041152263374486,0.008230452674897,0.016460905349794,0.012345679012346,0.263374485596708,0.016460905349794,0.246913580246914,0.004115226337449,0.358024691358025,0,0.032921810699589,0.484985835694051,0.343909348441926,0.041359773371105,0.129745042492918,0.047864082277408,0.765825316438533,0.035898061708056,0,0.016970501134572,0.084852505672859,5.96989683747675,0.099498280624612,0.39799312249845,0.253742340108182,2.75944794867648,0,0.073411246569275
Panesthia_sloanei,COX2,10,11,Internal,19,ATA,ATC,TTA,ATA,ATT,TTA,I,I,C_T,201,150,13,68,Blaberidae,170,0.076470588235294,0.105882352941176,0.005882352941176,0.023529411764706,0,0.258823529411765,0.011764705882353,0.147058823529412,0,0.347058823529412,0,0.023529411764706,0.465277777777778,0.347222222222222,0.030092592592593,0.157407407407407,0.067764705882353,0.745411764705882,0,0.164354697102722,0.012642669007902,0.22756804214223,4.8868778280543,0,0.390950226244344,0.149480968858131,2.20484429065744,0,0.084228315531297
Panesthia_tryoni_tryoni,COX2,10,11,Internal,18,ATA,GAG,CAA,ATA,GAA,CAA,E,E,G_A,223,179,13,53,Blaberidae,141,0.028368794326241,0.113475177304965,0,0.035460992907801,0.00709219858156,0.205673758865248,0.028368794326241,0.191489361702128,0.014184397163121,0.340425531914894,0.014184397163121,0.021276595744681,0.476495726495726,0.382478632478632,0.027777777777778,0.113247863247863,0.092713657434922,0.537739213122548,0.018542731486984,0.059536303787807,0,0.238145215151226,6.8936170212766,0.51063829787234,1.02127659574468,0.187876354877559,3.00602167804095,0.125250903251706,0.042370502377044
Paratemnopteryx_howarthi,COX2,10,11,Internal,20,CAA,CTA,ATT,CAA,TTA,ATT,L,L,C_T,303,105,9,66,Ectobiidae,53,0,0.226415094339623,0.056603773584906,0,0,0.188679245283019,0,0.39622641509434,0,0.094339622641509,0,0.037735849056604,0.627329192546584,0.217391304347826,0.018633540372671,0.136645962732919,0,0.867924528301887,0,0,0.090229777694751,0.360919110779002,21.2641509433962,0,0,0.276157804459691,0.690394511149228,0,0.036854894220483
Paratemnopteryx_stonei,COX2,10,RN_9,External,181,AAT,CAG,ACA,AAT,CAA,ACA,Q,Q,G_A,358,189,27,81,Ectobiidae,101,0.02970297029703,0.148514851485149,0.00990099009901,0.03960396039604,0.01980198019802,0.287128712871287,0.00990099009901,0.198019801980198,0,0.247524752475248,0,0.00990099009901,0.546564885496183,0.288549618320611,0.041221374045802,0.123664122137405,0.137251820420137,0.995075698045995,0.068625910210069,0.054344819956856,0.018114939985619,0.27172409978428,4.8038137147048,0,0.24019068573524,0.080063561911747,2.00158904779367,0,0.114761769658471
Periplaneta_americana,COX2,7,RN_4,External,198,TCA,GAG,ATC,TCA,GAA,ATC,E,E,G_A,270,98,3,38,Blattidae,34,0,0,0,0.029411764705882,0,0.176470588235294,0,0.235294117647059,0.029411764705882,0.5,0,0.029411764705882,0.660146699266504,0.23960880195599,0.007334963325183,0.092909535452323,0.122749099639856,0.736494597839136,0,0,0,0,32.078431372549,4.00980392156863,0,0.31656346749226,5.38157894736842,0,0.017270110589305
Periplaneta_australasiae,COX2,6,RN_3,External,25,CAT,GAT,CAT,CAT,GAC,CAT,D,D,T_C,142,69,6,11,Blattidae,4,0,0,0,0,0,0.25,0,0.5,0,0.25,0,0,0.62280701754386,0.302631578947368,0.026315789473684,0.048245614035088,0,0.826086956521739,0,0,0,0,19,0,0,0,5.18181818181818,0,0.033033033033033
Pycnoscelus_surinamensis,COX2,10,11,Internal,1,---,AAC,ATA,---,AAT,ATA,N,N,C_T,150,123,22,37,Blaberidae,69,0.028985507246377,0.08695652173913,0,0.014492753623188,0,0.289855072463768,0,0.202898550724638,0.014492753623188,0.36231884057971,0,0,0.451807228915663,0.370481927710843,0.066265060240964,0.11144578313253,0.039118652056086,0.782373041121716,0,0.064154589371981,0,0.192463768115942,3.06192358366271,0.21870882740448,0,0,3.25107716412064,0,0.102810983648507
Salganea_aequaliterspinosa,COX2,10,11,Internal,40,ACC,TAT,ATA,ACC,TAC,ATA,Y,Y,T_C,236,144,29,59,Blaberidae,101,0.04950495049505,0.02970297029703,0.01980198019802,0.069306930693069,0.00990099009901,0.396039603960396,0.00990099009901,0.237623762376238,0,0.178217821782178,0,0,0.504273504273504,0.307692307692308,0.061965811965812,0.126068376068376,0.225247524752475,1.28712871287129,0.032178217821782,0.098170834032556,0.039268333613022,0.058902500419534,3.83475588938204,0,0.159781495390918,0,1.4136600100688,0,0.180040827493318
Salganea_guentheri,COX2,6,RN_2,External,179,CGA,CTT,AAT,CGA,CTA,AAT,L,L,T_A,158,92,12,52,Blaberidae,79,0.050632911392405,0.139240506329114,0.025316455696203,0.050632911392405,0,0.341772151898734,0,0.139240506329114,0,0.253164556962025,0,0,0.503184713375796,0.292993630573248,0.038216560509554,0.165605095541401,0.172812328013209,1.16648321408916,0,0.100624899855792,0.050312449927896,0.276718474603429,3.64345991561181,0,0,0,1.52872444011685,0,0.168102089479853
Salganea_raggei,COX2,16,RN_12,External,130,ACT,GAT,GAA,ACT,GAC,GAA,D,D,T_C,635,329,36,129,Blaberidae,230,0,0.104347826086957,0,0,0.008695652173913,0.321739130434783,0.043478260869565,0.265217391304348,0.008695652173913,0.239130434782609,0,0.008695652173913,0.562444641275465,0.29140832595217,0.031886625332152,0.114260407440213,0,1.10408352054976,0.029840095149993,0,0,0.185525504964053,8.31751207729469,0.272705314009662,1.36352657004831,0.076103808560836,2.09285473542299,0,0.082135922229459
