"Species","Gene","AncestralSeqName","DescendantSeqName","Branch","CodonPosition","PreviousAncCodon","AncestorCodon","NextAncCodon","PreviousDesCodon","DescendantCodon","NextDesCodon","AncestralAA","DescendantAA","Subs","A","T","G","C","Family","AllSubs","A_T","A_G","A_C","T_A","T_G","T_C","G_T","G_A","G_C","C_T","C_G","C_A","A_fr","T_fr","G_fr","C_fr","T_A_norm","T_C_norm","T_G_norm","A_T_norm","A_C_norm","A_G_norm","G_A_norm","G_C_norm","G_T_norm","C_A_norm","C_T_norm","C_G_norm","A_T_norm_fraction","A_C_norm_fraction","A_G_norm_fraction","T_A_norm_fraction","T_C_norm_fraction","T_G_norm_fraction","G_A_norm_fraction","G_C_norm_fraction","G_T_norm_fraction","C_A_norm_fraction","C_T_norm_fraction","C_G_norm_fraction"
"Blaberus_craniifer","COX2",6,"RN_2","External",101,"ATT","GGC","CAT","ATT","GGT","CAT","G","G","C_T",128,67,4,19,"Blaberidae",6,0,0.166666666666667,0,0,0,0.166666666666667,0,0.166666666666667,0,0.5,0,0,0.587155963302752,0.307339449541284,0.018348623853211,0.0871559633027523,0,0.54228855721393,0,0,0,0.283854166666667,9.08333333333333,0,0,0,5.73684210526316,0,0,0,0.0181419145206573,0,0.0346591799797631,0,0.580541264661033,0,0,0,0.366657640838547,0
"Blattella_germanica","COX2",10,"11","Internal",18,"ATT","TAC","TTT","ATT","TAT","TTT","Y","Y","C_T",228,157,6,47,"Ectobiidae",2,0,0,0,0,0,0,0,0,0,1,0,0,0.520547945205479,0.358447488584475,0.0136986301369863,0.107305936073059,0,0,0,0,0,0,0,0,0,0,9.31914893617021,0,0,0,0,0,0,0,0,0,0,0,1,0
"Cryptocercus_kyebangensis","COX2",7,"RN_6","External",3,"ACA","ACA","TGA","ACA","ACG","TGA","T","T","A_G",261,27,10,24,"Cryptocercidae",5,0,0.4,0,0,0,0.2,0,0,0,0.4,0,0,0.81055900621118,0.0838509316770186,0.031055900621118,0.0745341614906832,0,2.38518518518519,0,0,0,0.493486590038314,0,0,0,0,5.36666666666667,0,0,0,0.0598503740648379,0,0.28927680798005,0,0,0,0,0,0.650872817955112,0
"Cryptocercus_primarius","COX2",6,"RN_5","External",83,"GGA","CAC","CAA","GGA","CAT","CAA","H","H","C_T",129,28,3,16,"Cryptocercidae",53,0,0,0.0754716981132075,0.0188679245283019,0.0188679245283019,0.264150943396226,0.0188679245283019,0.0566037735849057,0,0.433962264150943,0,0.113207547169811,0.732954545454545,0.159090909090909,0.0170454545454545,0.0909090909090909,0.118598382749326,1.66037735849057,0.118598382749326,0,0.102969138511043,0,3.32075471698113,0,1.10691823899371,1.24528301886792,4.77358490566038,0,0,0.00827255101098698,0,0.00952820607515465,0.133394885052165,0.00952820607515465,0.26678977010433,0,0.0889299233681101,0.100046163789124,0.383510294524975,0
"Cryptocercus_punctulatus","COX2",102,"RN_61","External",63,"CTA","CTA","TAC","CTA","TTA","TAC","L","L","C_T",2351,594,7,489,"Cryptocercidae",257,0.0311284046692607,0.0544747081712062,0.00778210116731518,0.0466926070038911,0,0.350194552529183,0,0.0505836575875486,0,0.45136186770428,0,0.00778210116731518,0.68323161871549,0.172624237140366,0.002034292356873,0.142109851787271,0.270486970876076,2.02865228157057,0,0.045560544647778,0.0113901361619445,0.0797309531336115,24.8654808226793,0,0,0.0547611658828865,3.17614762120742,0,0.001492212450635,0.000373053112658751,0.00261137178861125,0.00885906937233053,0.066443020292479,0,0.814401591584957,0,0,0.00179355392200557,0.104026127476323,0
"Geoscapheus_robustus","COX2",7,"RN_6","External",89,"TGA","TAC","TGA","TGA","TAT","TGA","Y","Y","C_T",155,146,0,44,"Blaberidae",10,0,0.1,0,0,0,0.2,0,0.3,0,0.4,0,0,0.449275362318841,0.423188405797101,0,0.127536231884058,0,0.472602739726027,0,0,0,0.22258064516129,Inf,NA,NA,0,3.13636363636364,0,NA,NA,NA,NA,0.123345141,NA,NA,NA,NA,NA,NA,NA
"Macropanesthia_lithgowae","COX2",7,"8","Internal",18,"ATA","GAA","CAG","ATA","GAG","CAA","E","E","A_G",160,127,13,32,"Blaberidae",27,0.0740740740740741,0.222222222222222,0,0,0,0.296296296296296,0,0.222222222222222,0,0.185185185185185,0,0,0.481927710843373,0.382530120481928,0.0391566265060241,0.0963855421686747,0,0.774569845435987,0,0.153703703703704,0,0.461111111111111,5.67521367521367,0,0,0,1.9212962962963,0,0.0171049973322006,0,0.0513149919966018,0,0.0861984117528219,0,0.631569132265868,0,0,0,0.213812466652507,0
"Macropanesthia_rhinoceros","COX2",15,"RN_5","External",14,"GCA","TCA","CCT","GCA","TCC","CCT","S","S","A_C",463,374,34,108,"Blaberidae",161,0.0186335403726708,0.0869565217391304,0.0062111801242236,0.0186335403726708,0.0186335403726708,0.329192546583851,0,0.15527950310559,0,0.360248447204969,0,0.0062111801242236,0.472931562819203,0.382022471910112,0.034729315628192,0.110316649642492,0.0487760321519912,0.861709901351845,0.0487760321519912,0.03940007780744,0.0131333592691467,0.183867029768053,4.4711362805992,0,0,0.0563031976075454,3.26558546123764,0,0.00438329604502811,0.00146109868167604,0.0204553815434645,0.00542637986322999,0.0958660442503965,0.00542637986322999,0.497418154129416,0,0,0.00626378416311116,0.363299481460448,0
"Panchlora_nivea","COX2",6,"RN_2","External",2,"ATG","ACG","ACA","ATG","ACA","ACA","T","T","G_A",127,61,13,13,"Blaberidae",130,0.0615384615384615,0.0923076923076923,0.00769230769230769,0.0692307692307692,0,0.238461538461538,0.0153846153846154,0.153846153846154,0.00769230769230769,0.323076923076923,0.00769230769230769,0.0230769230769231,0.593457943925234,0.285046728971963,0.0607476635514019,0.0607476635514019,0.242875157629256,0.83656998738966,0,0.103694730466384,0.012961841308298,0.155542095699576,2.53254437869822,0.126627218934911,0.253254437869822,0.379881656804734,5.31834319526627,0.126627218934911,0.0102780784011302,0.00128475980014128,0.0154171176016953,0.024073450025598,0.082919661199282,0,0.251022299412218,0.0125511149706109,0.0251022299412218,0.0376533449118328,0.527146828765659,0.0125511149706109
"Panesthia_cribrata","COX2",25,"RN_15","External",28,"GCA","CTG","ATA","GCA","CTA","ATA","L","L","G_A",856,607,73,229,"Blaberidae",243,0,0.0411522633744856,0.00823045267489712,0.0164609053497942,0.0123456790123457,0.263374485596708,0.0164609053497942,0.246913580246914,0.00411522633744856,0.358024691358025,0,0.0329218106995885,0.484985835694051,0.343909348441926,0.0413597733711048,0.129745042492918,0.0478640822774083,0.765825316438533,0.0358980617080562,0,0.0169705011345717,0.0848525056728587,5.96989683747675,0.0994982806246124,0.39799312249845,0.253742340108182,2.75944794867648,0,0,0.0016267752142067,0.00813387607103349,0.00458820291057968,0.0734112465692749,0.00344115218293476,0.572268321929151,0.00953780536548585,0.0381512214619434,0.0243234861722434,0.264517912123147,0
"Panesthia_sloanei","COX2",10,"11","Internal",19,"ATA","ATC","TTA","ATA","ATT","TTA","I","I","C_T",201,150,13,68,"Blaberidae",170,0.0764705882352941,0.105882352941176,0.00588235294117647,0.0235294117647059,0,0.258823529411765,0.0117647058823529,0.147058823529412,0,0.347058823529412,0,0.0235294117647059,0.465277777777778,0.347222222222222,0.0300925925925926,0.157407407407407,0.0677647058823529,0.745411764705882,0,0.164354697102722,0.0126426690079017,0.22756804214223,4.8868778280543,0,0.390950226244344,0.149480968858131,2.20484429065744,0,0.018571372149031,0.001428567088387,0.0257142075909659,0.0076571195937543,0.0842283155312974,0,0.552196124549589,0,0.0441756899639671,0.0168907049862227,0.249137898546785,0
"Panesthia_tryoni_tryoni","COX2",10,"11","Internal",18,"ATA","GAG","CAA","ATA","GAA","CAA","E","E","G_A",223,179,13,53,"Blaberidae",141,0.0283687943262411,0.113475177304965,0,0.0354609929078014,0.00709219858156028,0.205673758865248,0.0283687943262411,0.191489361702128,0.0141843971631206,0.340425531914894,0.0141843971631206,0.0212765957446809,0.476495726495726,0.382478632478632,0.0277777777777778,0.113247863247863,0.0927136574349222,0.537739213122548,0.0185427314869844,0.0595363037878065,0,0.238145215151226,6.8936170212766,0.51063829787234,1.02127659574468,0.187876354877559,3.00602167804095,0.125250903251706,0.00469109010390654,0,0.0187643604156261,0.00730525903052484,0.0423705023770441,0.00146105180610497,0.54317410606964,0.0402351189681215,0.0804702379362429,0.0148034871675164,0.236855794680262,0.00986899144501092
"Paratemnopteryx_howarthi","COX2",10,"11","Internal",20,"CAA","CTA","ATT","CAA","TTA","ATT","L","L","C_T",303,105,9,66,"Ectobiidae",53,0,0.226415094339623,0.0566037735849057,0,0,0.188679245283019,0,0.39622641509434,0,0.0943396226415094,0,0.0377358490566038,0.627329192546584,0.217391304347826,0.0186335403726708,0.136645962732919,0,0.867924528301887,0,0,0.0902297776947506,0.360919110779002,21.2641509433962,0,0,0.276157804459691,0.690394511149228,0,0,0.00383144939915907,0.0153257975966363,0,0.0368548942204825,0,0.902944908401821,0,0,0.0117265572519717,0.0293163931299293,0
"Paratemnopteryx_stonei","COX2",10,"RN_9","External",181,"AAT","CAG","ACA","AAT","CAA","ACA","Q","Q","G_A",358,189,27,81,"Ectobiidae",101,0.0297029702970297,0.148514851485149,0.0099009900990099,0.0396039603960396,0.0198019801980198,0.287128712871287,0.0099009900990099,0.198019801980198,0,0.247524752475248,0,0.0099009900990099,0.546564885496183,0.288549618320611,0.0412213740458015,0.123664122137405,0.137251820420137,0.995075698045995,0.0686259102100686,0.054344819956856,0.0181149399856187,0.27172409978428,4.8038137147048,0,0.24019068573524,0.0800635619117467,2.00158904779367,0,0.00626757112274638,0.00208919037424879,0.0313378556137319,0.0158292096080649,0.114761769658471,0.00791460480403247,0.554022336282273,0,0.0277011168141136,0.00923370560470455,0.230842640117614,0
"Periplaneta_americana","COX2",7,"RN_4","External",198,"TCA","GAG","ATC","TCA","GAA","ATC","E","E","G_A",270,98,3,38,"Blattidae",34,0,0,0,0.0294117647058824,0,0.176470588235294,0,0.235294117647059,0.0294117647058824,0.5,0,0.0294117647058824,0.660146699266504,0.23960880195599,0.00733496332518337,0.0929095354523227,0.122749099639856,0.736494597839136,0,0,0,0,32.078431372549,4.00980392156863,0,0.31656346749226,5.38157894736842,0,0,0,0,0.00287835176488411,0.0172701105893047,0,0.752209261223047,0.0940261576528809,0,0.00742311770943796,0.126193001060445,0
"Periplaneta_australasiae","COX2",6,"RN_3","External",25,"CAT","GAT","CAT","CAT","GAC","CAT","D","D","T_C",142,69,6,11,"Blattidae",4,0,0,0,0,0,0.25,0,0.5,0,0.25,0,0,0.62280701754386,0.302631578947368,0.0263157894736842,0.0482456140350877,0,0.826086956521739,0,0,0,0,19,0,0,0,5.18181818181818,0,0,0,0,0,0.033033033033033,0,0.75975975975976,0,0,0,0.207207207207207,0
"Pycnoscelus_surinamensis","COX2",10,"11","Internal",1,"---","AAC","ATA","---","AAT","ATA","N","N","C_T",150,123,22,37,"Blaberidae",69,0.0289855072463768,0.0869565217391304,0,0.0144927536231884,0,0.289855072463768,0,0.202898550724638,0.0144927536231884,0.36231884057971,0,0,0.451807228915663,0.370481927710843,0.0662650602409639,0.11144578313253,0.0391186520560858,0.782373041121716,0,0.0641545893719807,0,0.192463768115942,3.06192358366271,0.21870882740448,0,0,3.25107716412064,0,0.00843050065917755,0,0.0252915019775326,0.00514054918242533,0.102810983648507,0,0.402364804188019,0.0287403431562871,0,0,0.427221317188051,0
"Salganea_aequaliterspinosa","COX2",10,"11","Internal",40,"ACC","TAT","ATA","ACC","TAC","ATA","Y","Y","T_C",236,144,29,59,"Blaberidae",101,0.0495049504950495,0.0297029702970297,0.0198019801980198,0.0693069306930693,0.0099009900990099,0.396039603960396,0.0099009900990099,0.237623762376238,0,0.178217821782178,0,0,0.504273504273504,0.307692307692308,0.061965811965812,0.126068376068376,0.225247524752475,1.28712871287129,0.0321782178217822,0.0981708340325558,0.0392683336130223,0.0589025004195335,3.83475588938204,0,0.159781495390918,0,1.4136600100688,0,0.0137319275206768,0.00549277100827072,0.00823915651240609,0.0315071448113307,0.180040827493318,0.00450102068733295,0.536397499842162,0,0.0223498958267567,0,0.197739756297746,0
"Salganea_guentheri","COX2",6,"RN_2","External",179,"CGA","CTT","AAT","CGA","CTA","AAT","L","L","T_A",158,92,12,52,"Blaberidae",79,0.0506329113924051,0.139240506329114,0.0253164556962025,0.0506329113924051,0,0.341772151898734,0,0.139240506329114,0,0.253164556962025,0,0,0.503184713375796,0.292993630573248,0.0382165605095541,0.165605095541401,0.172812328013209,1.16648321408916,0,0.100624899855792,0.0503124499278962,0.276718474603429,3.64345991561181,0,0,0,1.52872444011685,0,0.0145010710099826,0.00725053550499131,0.0398779452774522,0.0249040132562745,0.168102089479853,0,0.525059612819787,0,0,0,0.220304732651659,0
"Salganea_raggei","COX2",16,"RN_12","External",130,"ACT","GAT","GAA","ACT","GAC","GAA","D","D","T_C",635,329,36,129,"Blaberidae",230,0,0.104347826086957,0,0,0.00869565217391304,0.321739130434783,0.0434782608695652,0.265217391304348,0.00869565217391304,0.239130434782609,0,0.00869565217391304,0.562444641275465,0.29140832595217,0.0318866253321523,0.114260407440213,0,1.10408352054976,0.0298400951499934,0,0,0.185525504964053,8.31751207729469,0.272705314009662,1.36352657004831,0.0761038085608359,2.09285473542299,0,0,0,0.0138017714816729,0,0.082135922229459,0.00221988978998538,0.618763447155786,0.0202873261362553,0.101436630681276,0.00566157938686194,0.155693433138703,0
