"Species","Gene","AncestralSeqName","DescendantSeqName","Branch","CodonPosition","PreviousAncCodon","AncestorCodon","NextAncCodon","PreviousDesCodon","DescendantCodon","NextDesCodon","AncestralAA","DescendantAA","Subs","A","T","G","C","Family","AllSubs","A_T","A_G","A_C","T_A","T_G","T_C","G_T","G_A","G_C","C_T","C_G","C_A","A_fr","T_fr","G_fr","C_fr","T_A_norm","T_C_norm","T_G_norm","A_T_norm","A_C_norm","A_G_norm","G_A_norm","G_C_norm","G_T_norm","C_A_norm","C_T_norm","C_G_norm","T_C_norm_fr"
"Cavitermes_tuberosus","Cox2",10,"11","Internal",1,"---","ATA","ACA","---","ATG","ACA","M","M","A_G",480,55,35,84,"Termitidae",32,0,0.21875,0.0625,0,0,0.1875,0,0.28125,0,0.25,0,0,0.73394495412844,0.0840978593272171,0.0535168195718654,0.128440366972477,0,2.22954545454545,0,0,0.08515625,0.298046875,5.25535714285714,0,0,0,1.94642857142857,0,0.22716772775931
"Coptotermes_formosanus","Cox2",37,"40","Internal",152,"CGA","TTA","ATC","CGA","CTA","ATC","L","L","T_C",2309,254,79,576,"Rhinotermitidae",17,0.0588235294117647,0.294117647058824,0,0,0,0.294117647058824,0,0.176470588235294,0,0.176470588235294,0,0,0.71752641392169,0.0789310130515848,0.0245494095711622,0.178993163455562,0,3.72626215840667,0,0.0819809950831784,0,0.409904975415892,7.18838421444527,0,0,0,0.985906862745098,0,0.300688354926417
"Coptotermes_lacteus","Cox2",13,"14","Internal",22,"GAC","CAT","GTA","GAC","CAC","GTA","H","H","T_C",681,82,56,147,"Rhinotermitidae",59,0,0.135593220338983,0.0169491525423729,0,0,0.305084745762712,0,0.152542372881356,0,0.389830508474576,0,0,0.704968944099379,0.0848861283643892,0.0579710144927536,0.152173913043478,0,3.59404712691195,0,0,0.024042410214291,0.192339281714328,2.63135593220339,0,0,0,2.56174334140436,0,0.399182086178689
"Embiratermes_brevinasus","Cox2",6,"RN_3","External",31,"ATG","CTC","ATA","ATG","CTT","ATA","L","L","C_T",257,40,35,38,"Termitidae",12,0,0,0,0,0,0.333333333333333,0,0.25,0,0.416666666666667,0,0,0.694594594594595,0.108108108108108,0.0945945945945946,0.102702702702703,0,3.08333333333333,0,0,0,0,2.64285714285714,0,0,0,4.05701754385965,0,0.315165876777251
"Embiratermes_neotenicus","Cox2",7,"8","Internal",48,"AAT","AAG","CAA","AAT","AAA","CAA","K","K","G_A",260,28,25,52,"Termitidae",4,0,0,0,0,0,0,0,0.75,0,0.25,0,0,0.712328767123288,0.0767123287671233,0.0684931506849315,0.142465753424658,0,0,0,0,0,0,10.95,0,0,0,1.75480769230769,0,0
"Labiotermes_labralis","Cox2",7,"RN_7","External",22,"TTC","TTC","CAT","TTC","TTT","CAT","F","F","C_T",241,54,28,22,"Termitidae",27,0,0.111111111111111,0,0,0,0.555555555555556,0,0.0740740740740741,0,0.259259259259259,0,0,0.698550724637681,0.156521739130435,0.0811594202898551,0.063768115942029,0,3.54938271604938,0,0,0,0.159059474412171,0.912698412698413,0,0,0,4.06565656565657,0,0.408595095185461
"Macrotermes_carbonarius","Cox2",7,"8","Internal",134,"CTA","TTA","GAT","CTA","CTA","GAT","L","L","T_C",283,32,22,33,"Termitidae",11,0,0,0.0909090909090909,0,0,0.454545454545455,0,0.272727272727273,0,0.0909090909090909,0,0.0909090909090909,0.764864864864865,0.0864864864864865,0.0594594594594595,0.0891891891891892,0,5.25568181818182,0,0,0.118856408609059,0,4.58677685950413,0,0,1.01928374655647,1.01928374655647,0,0.437977770482578
"Macrotermes_falciger","Cox2",7,"RN_3","External",30,"ATA","ATT","ATA","ATA","ATC","ATA","I","I","T_C",330,16,27,21,"Termitidae",9,0,0.111111111111111,0.111111111111111,0,0,0.333333333333333,0,0,0,0.444444444444444,0,0,0.83756345177665,0.0406091370558376,0.0685279187817259,0.0532994923857868,0,8.20833333333333,0,0,0.132659932659933,0.132659932659933,0,0,0,0,8.33862433862434,0,0.488234465267014
"Macrotermes_gilvus","Cox2",49,"RN_21","External",64,"ACC","GTC","TGA","ACC","GTA","TGA","V","V","C_A",3489,251,207,395,"Termitidae",150,0.0133333333333333,0.106666666666667,0,0.0266666666666667,0.00666666666666667,0.346666666666667,0.02,0.24,0,0.213333333333333,0,0.0266666666666667,0.803546752648549,0.0578074619990788,0.0476738830032243,0.0909719023491479,0.461301460823373,5.99691899070385,0.115325365205843,0.0165931021305054,0,0.132744817044043,5.03420289855072,0,0.41951690821256,0.293130801687764,2.34504641350211,0,0.404792962428544
"Macrotermes_malaccensis","Cox2",10,"RN_1","External",53,"ATA","ATC","GAA","ATA","ATT","GAA","I","I","C_T",346,37,20,43,"Termitidae",33,0.0606060606060606,0.0606060606060606,0,0.0606060606060606,0,0.212121212121212,0,0.212121212121212,0,0.393939393939394,0,0,0.775784753363229,0.0829596412556054,0.0448430493273543,0.0964125560538117,0.73054873054873,2.55692055692056,0,0.0781222630933614,0,0.0781222630933614,4.73030303030303,0,0,0,4.08597603946441,0,0.208558078396418
"Macrotermes_natalensis","Cox2",6,"RN_3","External",144,"ATT","GTA","ACA","ATT","GTG","ACA","V","V","A_G",305,21,22,17,"Termitidae",47,0.0212765957446809,0.0212765957446809,0.0425531914893617,0.0425531914893617,0,0.595744680851064,0,0.191489361702128,0,0.0851063829787234,0,0,0.835616438356164,0.0575342465753425,0.0602739726027397,0.0465753424657534,0.739614994934144,10.354609929078,0,0.0254621555633066,0.0509243111266132,0.0254621555633066,3.17698259187621,0,0,0,1.82728410513141,0,0.639160028344321
"Macrotermes_subhyalinus","Cox2",17,"18","Internal",15,"TTC","TTC","CAC","TTC","TTT","CAC","F","F","C_T",998,68,97,95,"Termitidae",86,0.0465116279069767,0.0813953488372093,0.0116279069767442,0,0,0.325581395348837,0,0.174418604651163,0,0.325581395348837,0,0.0348837209302326,0.793322734499205,0.0540540540540541,0.0771065182829889,0.075516693163752,0,6.02325581395349,0,0.0586288856783334,0.0146572214195834,0.102600549937083,2.26204747063054,0,0,0.461933904528764,4.31138310893513,0,0.455117507164871
"Mastotermes_darwiniensis","Cox2",10,"11","Internal",188,"TTT","ATG","CCT","TTT","ATA","CCT","M","M","G_A",228,108,66,71,"Mastotermitidae",10,0,0.1,0.1,0,0,0.5,0,0.2,0,0.1,0,0,0.482029598308668,0.228329809725159,0.13953488372093,0.150105708245243,0,2.18981481481481,0,0,0.207456140350877,0.207456140350877,1.43333333333333,0,0,0,0.666197183098592,0,0.465496364240945
"Microcerotermes_crassus","Cox2",11,"RN_8","External",7,"AGA","GCG","TCG","AGA","GCA","TCG","A","A","G_A",622,45,72,80,"Termitidae",15,0,0.333333333333333,0,0,0,0.266666666666667,0,0.333333333333333,0,0,0,0.0666666666666667,0.759462759462759,0.0549450549450549,0.0879120879120879,0.0976800976800977,0,4.85333333333333,0,0,0,0.438906752411576,3.79166666666667,0,0,0.6825,0,0,0.496941552443013
"Microhodotermes_viator","Cox2",6,"RN_2","External",8,"ATA","AAC","CTA","ATA","AAT","TTA","N","N","C_T",275,22,7,44,"Hodotermitidae",63,0,0.126984126984127,0,0,0,0.333333333333333,0,0.142857142857143,0,0.380952380952381,0,0.0158730158730159,0.790229885057471,0.0632183908045977,0.0201149425287356,0.126436781609195,0,5.27272727272727,0,0,0,0.160692640692641,7.10204081632653,0,0,0.125541125541126,3.01298701298701,0,0.336399835232734
"Nasutitermes_corniger","Cox2",10,"11","Internal",103,"TGA","TAC","TGA","TGA","TAT","TGA","Y","Y","C_T",381,50,48,59,"Termitidae",39,0,0.0256410256410256,0,0.128205128205128,0,0.333333333333333,0,0.307692307692308,0,0.205128205128205,0,0,0.70817843866171,0.0929368029739777,0.0892193308550186,0.109665427509294,1.37948717948718,3.58666666666667,0,0,0,0.0362070125849653,3.44871794871795,0,0,0,1.87049109083007,0,0.347492358431054
"Nasutitermes_exitiosus","Cox2",10,"RN_4","External",123,"CAA","CAG","GAA","CAA","CAA","GAA","Q","Q","G_A",533,51,52,84,"Termitidae",44,0.0227272727272727,0,0,0.0227272727272727,0,0.340909090909091,0,0.318181818181818,0,0.272727272727273,0,0.0227272727272727,0.740277777777778,0.0708333333333333,0.0722222222222222,0.116666666666667,0.320855614973262,4.81283422459893,0,0.0307010063107624,0,0,4.40559440559441,0,0,0.194805194805195,2.33766233766234,0,0.397674282273064
"Nasutitermes_graveolus","Cox2",10,"RN_4","External",50,"CAA","ACC","AGA","CAA","ACT","AGA","T","T","C_T",353,41,40,39,"Termitidae",20,0,0,0,0,0,0.2,0,0.4,0,0.3,0,0.1,0.74630021141649,0.0866807610993657,0.0845665961945032,0.0824524312896406,0,2.30731707317073,0,0,0,0,4.73,0,0,1.21282051282051,3.63846153846154,0,0.194078128887783
"Nasutitermes_longipennis","Cox2",6,"RN_2","External",13,"GCT","TCG","CCC","GCT","TCA","CCC","S","S","G_A",294,24,19,39,"Termitidae",47,0.0425531914893617,0.0212765957446809,0,0.0425531914893617,0.0212765957446809,0.425531914893617,0,0.234042553191489,0,0.212765957446809,0,0,0.781914893617021,0.0638297872340425,0.050531914893617,0.103723404255319,0.666666666666667,6.66666666666667,0.333333333333333,0.054421768707483,0,0.0272108843537415,4.63157894736842,0,0,0,2.05128205128205,0,0.461963315463729
"Nasutitermes_octopilis","Cox2",7,"8","Internal",188,"CGC","CCC","GGT","CGC","CCT","GGT","P","P","C_T",254,22,48,51,"Termitidae",3,0,0,0,0,0,0,0,0,0,0.333333333333333,0,0.666666666666667,0.677333333333333,0.0586666666666667,0.128,0.136,0,0,0,0,0,0,0,0,0,4.90196078431372,2.45098039215686,0,0
"Nasutitermes_similis","Cox2",10,"11","Internal",23,"TTC","CAT","GAT","TTC","CAC","GAC","H","H","T_C",489,43,49,67,"Termitidae",33,0,0,0,0.0606060606060606,0.0303030303030303,0.575757575757576,0,0.333333333333333,0,0,0,0,0.75462962962963,0.066358024691358,0.0756172839506173,0.103395061728395,0.913319238900634,8.67653276955603,0.456659619450317,0,0,0,4.40816326530612,0,0,0,0,0,0.600257898130239
"Nasutitermes_triodiae","Cox2",12,"RN_3","External",206,"TTC","ATG","CCA","TTC","ATA","CCA","M","M","G_A",650,73,81,104,"Termitidae",85,0,0.105882352941176,0,0,0.0117647058823529,0.258823529411765,0.0235294117647059,0.152941176470588,0.0117647058823529,0.411764705882353,0.0117647058823529,0.0117647058823529,0.715859030837004,0.0803964757709251,0.0892070484581498,0.114537444933921,0,3.21933924254633,0.146333601933924,0,0,0.147909502262443,1.71445170660857,0.131880900508351,0.263761801016703,0.102714932126697,3.59502262443439,0.102714932126697,0.341606015722341
"Odontotermes_hainanensis","Cox2",10,"11","Internal",25,"CAC","GAC","CAC","CAC","GAT","CAC","D","D","C_T",407,44,44,95,"Termitidae",14,0,0,0,0.0714285714285714,0,0.357142857142857,0,0.0714285714285714,0.0714285714285714,0.357142857142857,0,0.0714285714285714,0.689830508474576,0.0745762711864407,0.0745762711864407,0.161016949152542,0.957792207792208,4.78896103896104,0,0,0,0,0.957792207792208,0.957792207792208,0,0.443609022556391,2.21804511278195,0,0.4638671875
"Pseudacanthotermes_spiniger","Cox2",7,"8","Internal",14,"GCA","TCA","CCC","GCA","TCG","CCC","S","S","A_G",295,18,9,50,"Termitidae",14,0,0.214285714285714,0,0,0,0.357142857142857,0,0.214285714285714,0,0.214285714285714,0,0,0.793010752688172,0.0483870967741935,0.0241935483870968,0.134408602150538,0,7.38095238095238,0,0,0,0.270217917675545,8.85714285714286,0,0,0,1.59428571428571,0,0.407728881026095
"Reticulitermes_aculabialis","Cox2",10,"11","Internal",142,"CGA","ATT","GTA","CGA","ATC","GTA","I","I","T_C",413,65,32,50,"Rhinotermitidae",11,0,0,0,0,0,0.454545454545455,0,0.272727272727273,0,0.272727272727273,0,0,0.7375,0.116071428571429,0.0571428571428571,0.0892857142857143,0,3.91608391608392,0,0,0,0,4.77272727272727,0,0,0,3.05454545454545,0,0.333472280116715
"Reticulitermes_chinensis","Cox2",15,"RN_9","External",154,"GTA","GTA","ACA","GTA","GTT","ACA","V","V","A_T",849,99,94,131,"Rhinotermitidae",44,0.0227272727272727,0.227272727272727,0.0227272727272727,0,0,0.113636363636364,0,0.181818181818182,0,0.409090909090909,0,0.0227272727272727,0.723785166240409,0.0843989769820972,0.0801364023870418,0.111679454390452,0,1.34641873278237,0,0.0314005782203662,0.0314005782203662,0.314005782203662,2.26885880077369,0,0,0.203504510756419,3.66308119361554,0,0.17132908017901
"Reticulitermes_flaviceps","Cox2",14,"RN_10","External",207,"TTT","ATG","CCT","TTT","ATA","CCT","M","M","G_A",795,115,99,110,"Rhinotermitidae",89,0.0112359550561798,0.168539325842697,0,0.0224719101123595,0.0112359550561798,0.179775280898876,0,0.314606741573034,0,0.292134831460674,0,0,0.710455764075067,0.102770330652368,0.0884718498659517,0.098302055406613,0.218661455788959,1.74929164631168,0.10933072789448,0.015815136739453,0,0.237227051091796,3.55600953353762,0,0,0,2.97180796731359,0,0.197478359051562
"Reticulitermes_flavipes","Cox2",100,"101","Internal",189,"CAC","CCG","GGT","CAC","CCA","GGT","P","P","G_A",5053,701,419,742,"Rhinotermitidae",230,0.0304347826086957,0.178260869565217,0.00869565217391304,0.0260869565217391,0,0.291304347826087,0,0.18695652173913,0,0.278260869565217,0,0,0.730730296456978,0.101373825018077,0.0605929139551699,0.107302964569776,0.257334243006885,2.87356571357688,0,0.041649816295098,0.0118999475128852,0.243948924014146,3.08545190411954,0,0,0,2.59322629790226,0,0.31553107127937
"Reticulitermes_hageni","Cox2",13,"14","Internal",77,"ATT","GCA","ATA","ATT","GCG","ATA","A","A","A_G",679,80,74,93,"Rhinotermitidae",60,0,0.166666666666667,0,0,0,0.316666666666667,0,0.15,0.0166666666666667,0.35,0,0,0.733261339092873,0.0863930885529158,0.0799136069114471,0.100431965442765,0,3.66541666666667,0,0,0,0.227295041728031,1.87702702702703,0.208558558558559,0,0,3.48494623655914,0,0.38733196021404
"Reticulitermes_labralis","Cox2",14,"15","Internal",14,"GCA","TCC","CCC","GCA","TCT","CCC","S","S","C_T",726,91,88,118,"Rhinotermitidae",51,0,0.0784313725490196,0,0.0196078431372549,0,0.0784313725490196,0,0.254901960784314,0,0.549019607843137,0,0.0196078431372549,0.709677419354839,0.0889540566959922,0.0860215053763441,0.115347018572825,0.220426632191338,0.881706528765352,0,0,0,0.110516934046346,2.96323529411765,0,0,0.169990029910269,4.75972083748754,0,0.0968312786912948
"Reticulitermes_leptomandibularis","Cox2",8,"9","Internal",30,"ATA","ATT","ATA","ATA","ATC","ATA","I","I","T_C",337,56,28,35,"Rhinotermitidae",12,0.0833333333333333,0.166666666666667,0,0.0833333333333333,0,0.25,0,0.25,0,0.166666666666667,0,0,0.739035087719298,0.12280701754386,0.0614035087719298,0.0767543859649123,0.678571428571429,2.03571428571429,0,0.112759643916914,0,0.225519287833828,4.07142857142857,0,0,0,2.17142857142857,0,0.219001819599688
"Reticulitermes_santonensis","Cox2",12,"13","Internal",20,"CAA","TTA","ATC","CAA","TTG","ATC","L","L","A_G",618,86,50,91,"Rhinotermitidae",18,0,0.277777777777778,0,0,0.0555555555555556,0.111111111111111,0.0555555555555556,0.166666666666667,0,0.333333333333333,0,0,0.731360946745562,0.101775147928994,0.0591715976331361,0.107692307692308,0,1.09173126614987,0.545865633074935,0,0,0.379809421071557,2.81666666666667,0,0.938888888888889,0,3.09523809523809,0,0.123106297750262
"Reticulitermes_virginicus","Cox2",25,"RN_12","External",77,"ATT","GCG","ATA","ATT","GCA","ATA","A","A","G_A",1553,154,134,253,"Rhinotermitidae",94,0.0106382978723404,0.148936170212766,0,0.0106382978723404,0,0.24468085106383,0,0.319148936170213,0.0106382978723404,0.24468085106383,0,0.0106382978723404,0.741642788920726,0.0735434574976122,0.063992359121299,0.120821394460363,0.144653219121304,3.32702403979,0,0.0143442342206573,0,0.200819279089203,4.98729755477929,0.166243251825976,0,0.0880497855520982,2.02514506769826,0,0.303738606328344
"Termes_fatalis","Cox2",7,"8","Internal",19,"CAC","GAT","CAC","CAC","GAC","CAC","D","D","T_C",262,58,26,32,"Termitidae",17,0.0588235294117647,0.117647058823529,0,0,0,0.411764705882353,0,0.176470588235294,0,0.235294117647059,0,0,0.693121693121693,0.153439153439153,0.0687830687830688,0.0846560846560847,0,2.68356997971602,0,0.0848675348001796,0,0.169735069600359,2.56561085972851,0,0,0,2.77941176470588,0,0.323977633286453
"Tumulitermes_pastinator","Cox2",10,"11","Internal",1,"---","GCA","ACA","---","GCC","ACA","A","A","A_C",501,42,44,64,"Termitidae",24,0,0.166666666666667,0.0416666666666667,0,0,0.208333333333333,0,0.291666666666667,0,0.25,0,0.0416666666666667,0.769585253456221,0.0645161290322581,0.0675883256528418,0.098310291858679,0,3.22916666666667,0,0,0.0541417165668663,0.216566866267465,4.31534090909091,0,0,0.423828125,2.54296875,0,0.29949571166405
"Zootermopsis_angusticollis","Cox2",10,"7","Internal",21,"TTA","ATC","TTT","TTA","ATT","TTT","I","I","C_T",308,53,12,56,"Termopsidae",83,0.0602409638554217,0.036144578313253,0.0120481927710843,0.0240963855421687,0,0.397590361445783,0,0.120481927710843,0,0.349397590361446,0,0,0.717948717948718,0.123543123543124,0.027972027972028,0.130536130536131,0.195044328256422,3.21823141623096,0,0.0839070567986231,0.0167814113597246,0.0503442340791738,4.30722891566265,0,0,0,2.67663511187608,0,0.305098482612328
"Zootermopsis_nevadensis","Cox2",11,"RN_5","External",164,"CGC","CCC","GGA","CGC","CCT","GGA","P","P","C_T",423,105,17,89,"Termopsidae",68,0.0735294117647059,0.102941176470588,0,0.0294117647058824,0,0.352941176470588,0,0.0882352941176471,0,0.338235294117647,0,0.0147058823529412,0.667192429022082,0.165615141955836,0.026813880126183,0.140378548895899,0.177591036414566,2.13109243697479,0,0.110207203448755,0,0.154290084828258,3.29065743944637,0,0,0.104758757435558,2.40945142101785,0,0.254366212801119
